id,form,alt_forms,gloss,origin,domain,connector_pref,examples,weight,root_lang,proto_root,ety_desc,ety_lineage,semantic_field,sources
root_a,a-,,Used to form taxonomic names indicating a lack of some feature that might be expected,grec,morpheme,,,1.0,grc,,"From the Ancient Greek ἀ- (a-, “not, without”).",translingue < grec,morpheme,wiktionary:fr::a-#prefix
root_mega,mega-,,"Used with taxon names to form other taxon names, usually for a morphologically similar taxon differing only in size",grec,morpheme,,,1.0,grc,,"From Ancient Greek μέγας (mégas, “great, large, mighty”).",translingue < grec,morpheme,wiktionary:fr::mega-#prefix
root_micro,micro-,,Very small.; One millionth.,grec,morpheme,o,,1.0,grc,,"From New Latin micro- (“small”), from Ancient Greek μικρός (mikrós, “small”).",translingue < NL. < grec,morpheme,wiktionary:fr::micro-#prefix
root_hexa,hexa-,hex-,six,grec,morpheme,,,1.0,grc,,"From Latin hexa-, from Ancient Greek ἑξα- (hexa-), from ἕξ (héx, “six”).",translingue < latin < grec,morpheme,wiktionary:fr::hexa-#prefix
root_tetra,tetra-,,four,grec,morpheme,,,1.0,grc,,From Ancient Greek τετρα- (tetra-).,translingue < grec,morpheme,wiktionary:fr::tetra-#prefix
root_hetero,hetero-,,"Different, dissimilar, other.",grec,morpheme,o,,1.0,grc,,Borrowed from Ancient Greek ἕτερος (héteros).,translingue < grec,morpheme,wiktionary:fr::hetero-#prefix
root_neo,neo-,,new. (Often used to form clade or taxonomic names indicating more recent branching than a morphologically or otherwise similar group.),grec,morpheme,o,Neoceti; Neognathae; Neoptera; Neopterygii; Neornithes,1.0,grc,,"From Ancient Greek νέος (néos, “new, young”).",translingue < grec,morpheme,wiktionary:fr::neo-#prefix
root_ulus,-ulus,,"used to form genus names, especially from other genus names, indicating smaller size",latin,"morpheme,natural-sciences,science,taxonomy",,,1.0,la,,From Latin -ulus (diminutive suffix).,translingue < latin,"morpheme,natural-sciences,science,taxonomy",wiktionary:fr::-ulus#suffix
root_a2,-a,,Used to create genus names from proper nouns; Used to take the form of certain plural Latin-derived taxonomic names,latin,morpheme,,,1.0,la,,From Latin -a.,translingue < latin,morpheme,wiktionary:fr::-a#suffix
root_xeno,xeno-,,Used to form taxonomic names and epithets indicating strangeness,grec,morpheme,o,,1.0,grc,,"From Ancient Greek ξένος (xénos, “alien”).",translingue < grec,morpheme,wiktionary:fr::xeno-#prefix
root_hyper,hyper-,,hyper-,grec,morpheme,,,1.0,grc,,"From Ancient Greek ὑπέρ (hupér, “over”).",translingue < grec,morpheme,wiktionary:fr::hyper-#prefix
root_i,-i,,Used to form adjectives for the species descriptor of a scientific name.,latin,morpheme,,,1.0,la,,From Latin -i.,translingue < latin,morpheme,wiktionary:fr::-i#suffix
root_us,-us,,Used to form taxonomic names.,translingue,"masculine,morpheme,natural-sciences,science,taxonomy",,,1.0,mul,,Learned borrowing from Latin -us.,,"masculine,morpheme,natural-sciences,science,taxonomy",wiktionary:fr::-us#suffix
root_cephalo,cephalo-,,Head.,grec,morpheme,o,,1.0,grc,,"Borrowed from Ancient Greek κεφαλή (kephalḗ, “head”).",translingue < grec,morpheme,wiktionary:fr::cephalo-#prefix
root_neuro,neuro-,,"nerves, nerve tissue, or the nervous system.",grec,morpheme,o,,1.0,grc,,"New Latin, from Ancient Greek νευρο- (neuro-), combining form of νεῦρον (neûron, “sinew, tendon, cord”)",translingue < NL. < grec,morpheme,wiktionary:fr::neuro-#prefix
root_archi,archi-,,Synonym of arch-.,grec,morpheme,,,1.0,grc,,"Late Latin archi- (“arch-, chief, first”), from Ancient Greek ἀρχι- (arkhi-, “chief, leading”), from ἄρχω (árkhō, “I begin, lead, rule, govern”)",translingue < LL. < grec,morpheme,wiktionary:fr::archi-#prefix
root_s,S-,,"one of two mirror-image forms of a stereocentre, part of a diastereomer",latin,"morpheme,natural-sciences,physical-sciences,science",,,1.0,la,,Abbreviation of Latin sinister (“left”),translingue < latin,"morpheme,natural-sciences,physical-sciences,science",wiktionary:fr::S-#prefix
root_acro,acro-,,sharp; tip; extremity; peak,grec,morpheme,o,,1.0,grc,,"From international scientific vocabulary, reflecting a New Latin combining form, from New Latin acro- (“pointed, first, high”) (from Ancient Greek ἄκρος (ákros, “highest, at the extremity”)).",translingue < NL. < grec,morpheme,wiktionary:fr::acro-#prefix
root_uro,uro-,,urine; relating to urine.,grec,morpheme,o,,1.0,grc,,From Ancient Greek οὖρον (oûron).,translingue < grec,morpheme,wiktionary:fr::uro-#prefix
root_meso,meso-,,intermediate in size or other characteristic.,grec,"morpheme,natural-sciences,science,taxonomy",o,Mesocricetus,1.0,grc,,"From Ancient Greek μέσος (mésos, “middle”).",translingue < grec,"morpheme,natural-sciences,science,taxonomy",wiktionary:fr::meso-#prefix
root_gymno,gymno-,,naked,grec,morpheme,o,,1.0,grc,,"From Ancient Greek γυμνός (gumnós, “naked”).",translingue < grec,morpheme,wiktionary:fr::gymno-#prefix
root_chalco,chalco-,,"used to form taxonomic names, principally of genera",grec,morpheme,o,Chalcomitra; Chalcophaps; Chalcosoma,1.0,grc,,"New Latin, from Ancient Greek χαλκός (khalkós, “copper”).",translingue < NL. < grec,morpheme,wiktionary:fr::chalco-#prefix
root_afro,afro-,,Found in Africa.,latin,morpheme,o,,1.0,la,,"New Latin, from stem of Latin Afer (“African”), noun and adjective",translingue < NL. < latin,morpheme,wiktionary:fr::afro-#prefix
root_lepto,lepto-,,"thin, narrow",grec,"morpheme,natural-sciences,science,taxonomy",o,,1.0,grc,,"Borrowed from Ancient Greek λεπτός (leptós, “thin”).",translingue < grec,"morpheme,natural-sciences,science,taxonomy",wiktionary:fr::lepto-#prefix
root_ophyta,-ophyta,,Used to form names of divisions or phyla of plants or algae,grec,"morpheme,natural-sciences,science,taxonomy",,Anthophyta; Chrysophyta; Euglenophyta; Prymnesiophyta; Pyrrophyta; Rhyniophyta; Trimerophytophyta; Xanthophyta,1.0,grc,,"From New Latin, from Ancient Greek φυτά (phutá), plural of φυτόν (phutón, “plant”), from φύω (phúō, “to bring forth, to produce, to put forth”).",translingue < NL. < grec,"morpheme,natural-sciences,science,taxonomy",wiktionary:fr::-ophyta#suffix
root_mycota,-mycota,,Used to form names of divisions or phyla of fungi,grec,"morpheme,natural-sciences,science,taxonomy",,,1.0,grc,,"From Ancient Greek μύκης (múkēs, “mushroom”) + -ota.",translingue < grec,"morpheme,natural-sciences,science,taxonomy",wiktionary:fr::-mycota#suffix
root_opsida,-opsida,,Used to form names of classes of plants,grec,"morpheme,natural-sciences,science,taxonomy",,Selaginellopsida; Isoetopsida; Ophioglossopsida,1.0,grc,,"New Latin, from stem of Ancient Greek ὄψις (ópsis, “appearance”)",translingue < NL. < grec,"morpheme,natural-sciences,science,taxonomy",wiktionary:fr::-opsida#suffix
root_phyceae,-phyceae,,Used to form names of classes of algae,grec,"feminine,morpheme,natural-sciences,plural,science,taxonomy",,,1.0,grc,,"New Latin, from Ancient Greek φῦκος (phûkos, “seaweed, wrack”)",translingue < NL. < grec,"feminine,morpheme,natural-sciences,plural,science,taxonomy",wiktionary:fr::-phyceae#suffix
root_mycetes,-mycetes,,Used to form names of classes of fungi and some bacteria,grec,"morpheme,natural-sciences,science,taxonomy",,,1.0,grc,,"New Latin, from Ancient Greek, a plural form of μύκης (múkēs, “mushroom, fungus, mushroom-shaped objects”)",translingue < NL. < grec,"morpheme,natural-sciences,science,taxonomy",wiktionary:fr::-mycetes#suffix
root_idae,-idae,-idæ,Used to form names of subclasses of plants.; Used to form names of families of animals.,translingue,"morpheme,natural-sciences,plural,science,taxonomy",,,1.0,mul,,"Plural of a Latin transliteration of Ancient Greek -ίδης (-ídēs), a patronymic suffix. Known to have been interpreted by some as representing instead the plural of a Latin transliteration of Ancient Greek -ειδής (-eidḗs, adjectival suffix), from εἶδος (eîdos, “appearance, resemblance”). Proposed in 1811 by William Kirby, a British entomologist, to simplify and make uniform the system of Pierre André Latreille which divided insect orders into sections. See more on Wikipedia: Family (biology) § History.",,"morpheme,natural-sciences,plural,science,taxonomy",wiktionary:fr::-idae#suffix
root_mycetidae,-mycetidae,,Used to form names of subclasses of fungi.,grec,"feminine,morpheme,natural-sciences,plural,science,taxonomy",,,1.0,grc,,"New Latin, from Ancient Greek stem of μύκης (múkēs, “mushroom, fungus, mushroom-shaped objects”) + -idae",translingue < NL. < grec,"feminine,morpheme,natural-sciences,plural,science,taxonomy",wiktionary:fr::-mycetidae#suffix
root_anae,-anae,,"Used to form taxonomic names of superorders of plants, algae and fungi",translingue,"feminine,morpheme,natural-sciences,plural,science,taxonomy",,Hypnanae; Rhizogonianae,1.0,mul,,"New Latin, from feminine plural of Latin -anus",translingue < NL.,"feminine,morpheme,natural-sciences,plural,science,taxonomy",wiktionary:fr::-anae#suffix
root_ales,-ales,,Used to form taxonomic names of orders.,latin,"feminine,morpheme,natural-sciences,plural,science,taxonomy",,,1.0,la,,From Latin -ālis.,translingue < latin,"feminine,morpheme,natural-sciences,plural,science,taxonomy",wiktionary:fr::-ales#suffix
root_ineae,-ineae,,"Used to form names of suborders of plants, algae and fungi.",latin,"feminine,morpheme,plural",,,1.0,la,,"From New Latin -ineae, feminine plural of -ineus, either from Latin -īnus + -eus or rebracketed from words derived from nouns in -in- (e.g. coccineus).",translingue < la-new < latin,"feminine,morpheme,plural",wiktionary:fr::-ineae#suffix
root_acea,-acea,,"Used to form taxonomic names of superfamilies of plants, algae and fungi; Used to form taxonomic names of animals of the rank of order, suborder, or similar; Used to form taxonomic names of animals of the rank of superfamily before the taxonomic code was changed to prohibit such names",latin,"morpheme,natural-sciences,obsolete,science,taxonomy,zoology",,,1.0,la,,"From Latin -acea, neutral plural of -aceus: belonging to, the nature of (enlarged from adjective suffix -ax, genitive -acis).",translingue < latin,"morpheme,natural-sciences,obsolete,science,taxonomy,zoology",wiktionary:fr::-acea#suffix
root_aceae,-aceae,,"Used to form the name of taxonomic families of plants, algae, bacteria, and fungi",translingue,"feminine,morpheme,natural-sciences,plural,science,taxonomy",,,1.0,mul,,"From the Latin -āceae, the feminine plural of -āceus (“resembling”).",,"feminine,morpheme,natural-sciences,plural,science,taxonomy",wiktionary:fr::-aceae#suffix
root_oideae,-oideae,,"Used to form the taxonomic names of subfamilies of plants, algae and fungi",latin,"feminine,morpheme,plural",,,1.0,la,,"New Latin, from Latin feminine plural form of -oideus (“resembling”)",translingue < NL. < latin,"feminine,morpheme,plural",wiktionary:fr::-oideae#suffix
root_inae,-inae,-inæ,"Used to form names of subfamilies of animals.; Used to form names of subtribes of plants, algae and fungi and viruses.",latin,"feminine,morpheme,natural-sciences,plural,science,taxonomy",,,1.0,la,,"From Latin -īnae, feminine plural form of -īnus (“-ine”).",translingue < latin,"feminine,morpheme,natural-sciences,plural,science,taxonomy",wiktionary:fr::-inae#suffix
root_oidea,-oidea,,"Used to form names of superfamilies of animals. Name may be conserved when the rank is changed, as to a parv-, infra-, or suborder, or an order or higher rank. Previously used to form names of higher rank, eg, class, which are often conserved",latin,"morpheme,natural-sciences,neuter,plural,science,taxonomy",,,1.0,la,,"New Latin, from Latin neuter plural form of -oideus (“resembling”)",translingue < NL. < latin,"morpheme,natural-sciences,neuter,plural,science,taxonomy",wiktionary:fr::-oidea#suffix
root_ini,-ini,,Used to indicate tribes of animals,latin,"masculine,morpheme,natural-sciences,plural,science,taxonomy",,,1.0,la,,"New Latin, nominative plural form of Latin -inus",translingue < NL. < latin,"masculine,morpheme,natural-sciences,plural,science,taxonomy",wiktionary:fr::-ini#suffix
root_pan,pan-,,Used to form higher clades with one main member.,grec,morpheme,,,1.0,grc,,From Ancient Greek πᾰν- (păn-).,translingue < grec,morpheme,wiktionary:fr::pan-#prefix
root_ota,-ota,,Used to form names of taxa according to a prominent anatomical feature.,grec,morpheme,,,1.0,grc,,"From Ancient Greek -ωτά (-ōtá), neuter plural of -ωτός (-ōtós), verbal adjective from the stem of -όω (-óō, denominal verb suffix). Related to translingual -ote.",translingue < grec,morpheme,wiktionary:fr::-ota#suffix
root_aster,-aster,"-astra, -astrum, -astron",Used to create genera relating to stars; most commonly applied to echinoderms such as starfish and brittle stars.,grec,"masculine,morpheme",,,1.0,grc,,"Borrowed from Ancient Greek ᾰ̓στήρ (ăstḗr, “star; celestial body”).",translingue < grec,"masculine,morpheme",wiktionary:fr::-aster#suffix
root_crypto,crypto-,,Hidden,grec,morpheme,o,,1.0,grc,,"From Ancient Greek κρυπτός (kruptós, “hidden, secret”).",translingue < grec,morpheme,wiktionary:fr::crypto-#prefix
root_eu,eu-,,Used to form taxonomic names corresponding to English vernacular names beginning with true,grec,morpheme,,,1.0,grc,,"New Latin, from Ancient Greek εὖ (eû, “well, good”)",translingue < NL. < grec,morpheme,wiktionary:fr::eu-#prefix
root_hypo,hypo-,,hypo-,grec,morpheme,o,,1.0,grc,,"From Ancient Greek ὑπο- (hupo-), combining form of ὑπό (hupó, “under”).",translingue < grec,morpheme,wiktionary:fr::hypo-#prefix
root_ia,-ia,,"Used to form taxonomic names, especially to form genus names when appended to the name of a person, usually a scientist or a patron.",grec,"feminine,morpheme,natural-sciences,science,taxonomy",,,1.0,grc,,"From Latin -ia and Ancient Greek -ία (-ía), -εια (-eia), which form abstract nouns of feminine gender.",translingue < latin < grec,"feminine,morpheme,natural-sciences,science,taxonomy",wiktionary:fr::-ia#suffix
root_d,D-,,nonstandard form of da- (“deca-”),grec,"alt-of,metrology,morpheme,nonstandard",,,1.0,grc,,"From deca-/deka-. From French SI metric system origins. From Latin decas, from Ancient Greek δέκα (déka, “10”).",translingue < français < latin < grec,"alt-of,metrology,morpheme,nonstandard",wiktionary:fr::D-#prefix
root_ata,-ata,,"forms taxons from nouns with underlying meaning ""having a certain feature""",latin,morpheme,,,1.0,la,,"From the nominative neuter plural of Latin -ātus, -āta, with meaning: ""those having, purveyed with (a certain feature)"".",translingue < latin,morpheme,wiktionary:fr::-ata#suffix
root_ula,-ula,,"Used to form taxonomic names, usually of genera; small-.",latin,morpheme,,-ula at Wikispecies,1.0,la,,"From Latin -ula. Cognate with Proto-Germanic *-ilaz, whence no longer productive English -le (as in dimple and nozzle), Dutch -el, German -el.",translingue < latin,morpheme,wiktionary:fr::-ula#suffix
root_chir,chir-,"cheiro-, chiro-, cheir-",hand,grec,morpheme,,,1.0,grc,,"Ancient Greek χείρ (kheír, “hand”)",translingue < grec,morpheme,wiktionary:fr::chir-#prefix
root_cyno,cyno-,,Used to form names for taxa whose members resemble dogs in some way,grec,morpheme,o,Cynocephalus; Cynodon; Cynodonichthys; Cynodonmiris; Cynodontia; Cynoglossum; Cynoglossus; Cynoglottis,1.0,grc,,"New Latin, from Ancient Greek κύων (kúōn, “dog”).",translingue < NL. < grec,morpheme,wiktionary:fr::cyno-#prefix
root_brachio,brachio-,,Branched.; Arm.,latin,"anatomy,morpheme,médecine,sciences",o,,1.0,la,,"New Latin brachio- from Latin bracchium (“limb, branch, arm”)",translingue < NL. < latin,"anatomy,morpheme,médecine,sciences",wiktionary:fr::brachio-#prefix
root_proteo,proteo-,,Form-changing.; Protein.,grec,morpheme,o,Proteoarchaeota; Proteocarpus; Proteocephalus; Proteodes; Proteomyxa; Proteomonas; Proteonematalycus; Proteopharmacis,1.0,grc,,"Derived from New Latin Prōteus, from Ancient Greek Πρωτεύς (Prōteús, “Proteus, a sea god who could change his shape at will”)",translingue < NL. < grec,morpheme,wiktionary:fr::proteo-#prefix
root_u,u-,,"alternative form of μ- as an abbreviation of micro-, mikro-, микро- etc.",translingue,"alt-of,alternative,informal,morpheme,proscribed",,,1.0,mul,,"Typographical substitution for μ, in environments where either (1) the correct symbol is not available or (2) it is available but the writer feels no need to make any effort to insert it (such as by looking it up in a character map) because they rely on their target reader (an informed one) finding the meaning obvious in context.",,"alt-of,alternative,informal,morpheme,proscribed",wiktionary:fr::u-#prefix
root_lepido,lepido-,,scaly,translingue,morpheme,o,,1.0,mul,,"Learned borrowing from Ancient Greek λεπίς, λεπίδος (lepís, lepídos, “scale”).",,morpheme,wiktionary:fr::lepido-#prefix
root_rhodo,rhodo-,,rose-colored,grec,morpheme,o,,1.0,grc,,"Ancient Greek ῥόδον (rhódon, “rose”).",translingue < grec,morpheme,wiktionary:fr::rhodo-#prefix
root_myrmeco,myrmeco-,,ant,translingue,morpheme,o,Myrmecacis; Myrmecaelurus; Myrmecaphodius; Myrmecethelum; Myrmechixenus; Myrmechusa; Myrmechusina; Myrmecia,1.0,mul,,"New Latin, from Ancient Greek μύρμηκος (múrmēkos, “ant’s”), genitive of μύρμηξ (múrmēx, “ant”)",,morpheme,wiktionary:fr::myrmeco-#prefix
root_ella,-ella,,"A suffix used to form taxonomic names, of genera of bacteria.",latin,"feminine,morpheme,natural-sciences,science,taxonomy",,Averyella; Buttiauxella; Ewingella; Grimontella; Leminorella; Rahnella; Raoultella; Shewanella,1.0,la,,From Latin -ella.,translingue < latin,"feminine,morpheme,natural-sciences,science,taxonomy",wiktionary:fr::-ella#suffix
root_oto,oto-,,Ear; ear-like; ear-shaped.,grec,morpheme,o,,1.0,grc,,"New Latin, from Ancient Greek ὠτ- (ōt-), the stem of οὖς (oûs, “ear”)",translingue < NL. < grec,morpheme,wiktionary:fr::oto-#prefix
root_austro,austro-,,southern,latin,morpheme,o,,1.0,la,,From Latin auster (“south”).,translingue < latin,morpheme,wiktionary:fr::austro-#prefix
root_cerato,cerato-,,kerato- (horned; horn-like).,translingue,morpheme,o,,1.0,mul,,Borrowed from New Latin cerato-.,,morpheme,wiktionary:fr::cerato-#prefix
root_actino,actino-,,ray; radial form,grec,morpheme,o,Actinobacteria; Actinopterygii; Actinodura; Actinote; Actinomyces,1.0,grc,,"From Ancient Greek, the stem of ἀκτίς (aktís, “ray”).",translingue < grec,morpheme,wiktionary:fr::actino-#prefix
root_amphi,amphi-,,both; near,grec,morpheme,,,1.0,grc,,"New Latin amphi- (from Ancient Greek ἀμφί (amphí, “on both sides”))",translingue < NL. < grec,morpheme,wiktionary:fr::amphi-#prefix
root_ae,-ae,,Used to form adjectives for the species descriptor of a scientific name.,latin,morpheme,,,1.0,la,,From Latin -ae.,translingue < latin,morpheme,wiktionary:fr::-ae#suffix
root_ius,-ius,,Latinizing suffix; suffix for making genera eponymous of a male person,translingue,morpheme,,,1.0,mul,,Etymology tree Proto-Indo-European *-yós Old Latin -ios Latin -iusbor. Translingual -ius Borrowed from Latin -ius.,,morpheme,wiktionary:fr::-ius#suffix
root_dolicho,dolicho-,,"Used to form taxonomic names, usually of genera; long-.",grec,morpheme,o,dolicho- at Wikispecies,1.0,grc,,"New Latin, from Ancient Greek δολιχός (dolikhós)",translingue < NL. < grec,morpheme,wiktionary:fr::dolicho-#prefix
root_dactylo,dactylo-,,Fingered; finger-like,grec,morpheme,o,,1.0,grc,,"New Latin dactylo- (from Ancient Greek δάκτυλος (dáktulos, “finger”))",translingue < NL. < grec,morpheme,wiktionary:fr::dactylo-#prefix
root_r,R-,,"one of two mirror-image forms of a stereocenter, part of a diastereomer; the prefix indicating a codified refigerant",latin,"morpheme,natural-sciences,physical-sciences,science",,,1.0,la,,* (stereochemistry): Abbreviation of Latin rectus (“right”),translingue < latin,"morpheme,natural-sciences,physical-sciences,science",wiktionary:fr::R-#prefix
root_tricho,tricho-,trich-,hair or hairiness,grec,morpheme,o,,1.0,grc,,"From Ancient Greek θρίξ (thríx, “hair”).",translingue < grec,morpheme,wiktionary:fr::tricho-#prefix
root_ites,-ites,,"Used to form taxonomic names, normally masculine.",grec,"morpheme,natural-sciences,science,taxonomy",,,1.0,grc,,"From Latin -ītēs, from Ancient Greek -ῑ́της (-ī́tēs).",translingue < latin < grec,"morpheme,natural-sciences,science,taxonomy",wiktionary:fr::-ites#suffix
root_odonto,odonto-,,tooth; toothed; tooth-like,grec,morpheme,o,,1.0,grc,,"From New Latin, from Ancient Greek ὀδούς (odoús, “tooth”)",translingue < NL. < grec,morpheme,wiktionary:fr::odonto-#prefix
root_saurus,-saurus,"-saura, -saurum","Forms genus names of lizards.; Forms genus names of dinosaurs, ichthyosaurs, mosasaurs, and other large extinct reptiles.",grec,"masculine,morpheme",,,1.0,grc,,"From Ancient Greek σαῦρος (saûros, “lizard, reptile”). The broader use, which has become standard especially for dinosaurs, follows some of the earliest non-avian dinosaur genera to be named, particularly Megalosaurus (literally “giant lizard”).",translingue < grec,"masculine,morpheme",wiktionary:fr::-saurus#suffix
root_acantho,acantho-,acanth-,With thorns,grec,morpheme,o,,1.0,grc,,"Borrowed from New Latin, from Ancient Greek ἄκανθος (ákanthos, “thorn plant”), from ἄκανθα (ákantha, “thorn”).",translingue < grec,morpheme,wiktionary:fr::acantho-#prefix
root_iformes,-iformes,,"Used to form taxonomic names, principally orders of animals.",latin,"morpheme,natural-sciences,science,taxonomy",,,1.0,la,,"From New Latin, from the Latin plural of -fōrmis (“-shaped”) (i.e., -fōrmēs), from fōrma (“form, contour, figure, shape, appearance, looks”).",translingue < NL. < latin,"morpheme,natural-sciences,science,taxonomy",wiktionary:fr::-iformes#suffix
root_opsis,-opsis,,"Used to form taxonomic names, often at the level of genus: resemblance",grec,"feminine,morpheme",,,1.0,grc,,"From Ancient Greek ὄψις (ópsis, “aspect, appearance”).",translingue < grec,"feminine,morpheme",wiktionary:fr::-opsis#suffix
root_oides,-oides,,"resembling, -oid, -like",latin,"feminine,masculine,morpheme,natural-sciences,neuter,science,taxonomy",,,1.0,la,,"Borrowed from Latin -oīdēs (“-like, -oid”).",translingue < latin,"feminine,masculine,morpheme,natural-sciences,neuter,science,taxonomy",wiktionary:fr::-oides#suffix
root_acanthus,-acanthus,,Animal having a spine as specified.,grec,"morpheme,natural-sciences,science,zoology",,Anacanthus; Anisacanthus; Baphicacanthus; Calycacanthus; Caracanthus; Catacanthus; Caulacanthus; Centracanthus,1.0,grc,,"From New Latin [Term?], from Ancient Greek ἄκανθα (ákantha, “thorn, spine”)",translingue < NL. < grec,"morpheme,natural-sciences,science,zoology",wiktionary:fr::-acanthus#suffix
root_morpha,-morpha,,"Used to form taxonomic names of animals, usually at the level of infraorder or higher",grec,"morpheme,natural-sciences,science,zoology",,,1.0,grc,,"Borrowed from Ancient Greek μορφή (morphḗ, “shape, appearance”).",translingue < grec,"morpheme,natural-sciences,science,zoology",wiktionary:fr::-morpha#suffix
root_myces,-myces,,Used to form genus names of fungi,grec,"masculine,morpheme",,,1.0,grc,,"From Ancient Greek μύκης (múkēs, “mushroom, fungus”).",translingue < grec,"masculine,morpheme",wiktionary:fr::-myces#suffix
root_leio,leio-,lio-,Smooth.,grec,"morpheme,new-latin",o,,1.0,grc,,"From Ancient Greek λεῖος (leîos, “smooth”).",translingue < grec,"morpheme,new-latin",wiktionary:fr::leio-#prefix
root_poda,-poda,,Used to form taxonomic names of a rank higher than genus of animals having feet or foot-like parts,grec,morpheme,,,1.0,grc,,"New Latin, from Ancient Greek, plural of πούς (poús, “foot”)",translingue < NL. < grec,morpheme,wiktionary:fr::-poda#suffix
root_ornis,-ornis,,Used to form genus names of birds,grec,morpheme,,,1.0,grc,,"New Latin, from Ancient Greek ὄρνις (órnis, “bird”)",translingue < NL. < grec,morpheme,wiktionary:fr::-ornis#suffix
root_viridae,-viridae,,Used to form taxonomic names of families of viruses,translingue,"feminine,morpheme,plural",,,1.0,mul,,New Latin Virus + -idae,translingue < NL.,"feminine,morpheme,plural",wiktionary:fr::-viridae#suffix
root_anoplo,anoplo-,,Having no shield,grec,morpheme,o,,1.0,grc,,"New Latin, from Ancient Greek ἄνοπλος (ánoplos, “without shield”)",translingue < NL. < grec,morpheme,wiktionary:fr::anoplo-#prefix
root_aureo,aureo-,,Golden,latin,morpheme,o,,1.0,la,,From Latin aureus (“golden”).,translingue < latin,morpheme,wiktionary:fr::aureo-#prefix
root_aphano,aphano-,,Invisible.,grec,morpheme,o,,1.0,grc,,"New Latin, from Ancient Greek ἀφανής (aphanḗs, “unseen”)",translingue < NL. < grec,morpheme,wiktionary:fr::aphano-#prefix
root_phaeo,phaeo-,,gray.,grec,morpheme,o,,1.0,grc,,"New Latin, from Ancient Greek φαιός (phaiós, “gray”)",translingue < NL. < grec,morpheme,wiktionary:fr::phaeo-#prefix
root_nippono,nippono-,,Japanese.; Native to or discovered in Japan.,latin,morpheme,o,,1.0,la,,"From English Nippono-, from Japanese 日本(にっぽん) (Nippon, “Japan”).",translingue < anglais < ja,morpheme,wiktionary:fr::nippono-#prefix
root_eury,eury-,,"wide, broad",grec,morpheme,,Euryabax; Euryades; Euryale; Euryalusa; Euryancale; Euryapteryx; Euryaptus; Euryarchaeota,1.0,grc,,"New Latin, from Ancient Greek εὐρύς (eurús, “wide”).",translingue < NL. < grec,morpheme,wiktionary:fr::eury-#prefix
root_galacto,galacto-,,Used to form medical terms and taxonomic names; milk-related.,grec,morpheme,o,,1.0,grc,,"New Latin, from Ancient Greek stem γάλακτ- (gálakt-) of γάλα (gála, “milk, milky sap, the Milky Way”)",translingue < NL. < grec,morpheme,wiktionary:fr::galacto-#prefix
root_papillo,papillo-,,Used to form medical terms or taxonomic names relating to a papilla in any sense: either a nipple or resembling a nipple,latin,morpheme,o,Papillocepheus; Papilloderma; Papillogobius; papilloma; Papilloma; papillomatous; Papillopscus; papillorenal,1.0,la,,"From Latin papilla (“nipple, breast, pustule, rose bud”).",translingue < latin,morpheme,wiktionary:fr::papillo-#prefix
root_suchus,-suchus,,Used to form genus names of extinct crocodyliforms or reptiles resembling crocodiles.,grec,morpheme,,,1.0,grc,,"New Latin, from Ancient Greek Σοῦχος (Soûkhos, “the crocodile god Sobek”), from Egyptian Demotic sbk (“Sobek”), from Egyptian sbk (“Sobek”).",translingue < NL. < grec < egx-dem < egy,morpheme,wiktionary:fr::-suchus#suffix
root_ptera,-ptera,,Used to form words relating to wings,grec,morpheme,,,1.0,grc,,"New Latin, from Ancient Greek πτερά (pterá), plural of πτερόν (pterón, “wing”)",translingue < NL. < grec,morpheme,wiktionary:fr::-ptera#suffix
root_idium,-idium,,"Used to form a taxonomic name, usually of a genus, by suffixation to an existing genus name; a diminutive",grec,"morpheme,neuter",,,1.0,grc,,"From Ancient Greek -ίδιον (-ídion, “diminutive”).",translingue < grec,"morpheme,neuter",wiktionary:fr::-idium#suffix
root_virinae,-virinae,,Used to form taxonomic names of subfamilies of viruses,translingue,"feminine,morpheme,plural",,,1.0,mul,,New Latin Virus + -inae,translingue < NL.,"feminine,morpheme,plural",wiktionary:fr::-virinae#suffix
root_paen,paen-,,Used to form taxonomic names or epithets with the meaning of almost or nearly the term to which it is prefixed,latin,morpheme,,,1.0,la,,Latin paene (“almost”),translingue < latin,morpheme,wiktionary:fr::paen-#prefix
root_chlamydo,chlamydo-,chlamy-,Used to form taxonomic names and epithets for organisms that have a cloak- or mantle-like structure,grec,morpheme,o,Chlamydoconcha; Chlamydodera; Chlamydodon; Chlamydophorus; Chlamydosaurus,1.0,grc,,"From Ancient Greek χλαμύς (khlamús, “cloak, mantle”).",translingue < grec,morpheme,wiktionary:fr::chlamydo-#prefix
root_virus,-virus,,Used to form taxonomic names of genera of viruses,translingue,morpheme,,,1.0,mul,,"From New Latin vīrus (“virus”, literally “poison”).",translingue < NL.,morpheme,wiktionary:fr::-virus#suffix
root_odae,-odae,,One of the suffixes used to form taxonomic names of supertribes of plants,grec,"feminine,morpheme,plural",,,1.0,grc,,,translingue < grec,"feminine,morpheme,plural",wiktionary:fr::-odae#suffix
root_pus,-pus,,Used to form taxonomic names and epithets relating to feet or parts resembling feet.,grec,morpheme,,Octopus; octopus for; Platypus; platypus for; Rhizopus; a fungus; Xenopus; a frog,1.0,grc,,"From Ancient Greek πούς (poús, “foot”).",translingue < grec,morpheme,wiktionary:fr::-pus#suffix
root_thallo,thallo-,,"Relating to or consisting of undifferentiated plant tissue, as algae.; Lacking vascular tissue.",grec,morpheme,o,,1.0,grc,,"New Latin, from Ancient Greek θαλλός (thallós, “young shoot, twig”) thallus",translingue < NL. < grec,morpheme,wiktionary:fr::thallo-#prefix
root_fera,-fera,,Bearing.,translingue,morpheme,,,1.0,mul,,New Latin nominative neuter plural of -fer,translingue < NL.,morpheme,wiktionary:fr::-fera#suffix
root_ferae,-ferae,,Bearing,latin,"feminine,morpheme,plural",,,1.0,la,,Latin from nominative feminine plural of -fer (“bearing”),translingue < latin,"feminine,morpheme,plural",wiktionary:fr::-ferae#suffix
root_fimbri,fimbri-,,Used to form taxonomic names for taxa of organisms differentiated by having a structure resembling a fringe or a notable edge,latin,morpheme,,Fimbriaglomerella; Fimbriaphis; Fimbriapora; Fimbriaria; Fimbriasacculus; Fimbriatella; Fimbriatus; Fimbriceps,1.0,la,,"From Late Latin fimbria (“fringe, tassel”), from Latin fimbriae (“fibers”).",translingue < LL. < latin,morpheme,wiktionary:fr::fimbri-#prefix
root_cteno,cteno-,,Used to form taxonomic names: comb.,grec,morpheme,o,,1.0,grc,,"New Latin, from stem of Ancient Greek κτείς (kteís, “comb”)",translingue < NL. < grec,morpheme,wiktionary:fr::cteno-#prefix
root_myza,-myza,,"Used to form taxonomic names, especially of genera of insects with a sucking-type proboscis",grec,morpheme,,,1.0,grc,,"New Latin, from Ancient Greek μυζάω (muzáō, “I suck”))",translingue < NL. < grec,morpheme,wiktionary:fr::-myza#suffix
root_monad,monad-,,"Used to form taxonomic names, usually of protozoa (protists)",latin,morpheme,,,1.0,la,,"New Latin, from stem of Latin monas (“one”)",translingue < NL. < latin,morpheme,wiktionary:fr::monad-#prefix
root_lal,Lal.,"Lal, LAL","abbreviation of Lalande, abbreviated prefix for stars under Lalande designations",translingue,"abbreviation,alt-of,cosmos,morpheme,natural-sciences",,,1.0,mul,,From French Lal. (“Lalande”).,translingue < français,"abbreviation,alt-of,cosmos,morpheme,natural-sciences",wiktionary:fr::Lal.#prefix
root_trocho,trocho-,,wheel,grec,morpheme,o,,1.0,grc,,From Ancient Greek τροχός (trokhós),translingue < grec,morpheme,wiktionary:fr::trocho-#prefix
root_caeno,caeno-,ceno-,"Used to form taxonomic names from pre-existing names, indicating more recent discovery or identification or more recent evolutionary descent",grec,morpheme,o,Caenocara; Caenolestes,1.0,grc,,"From Ancient Greek καινός (kainós, “new”).",translingue < grec,morpheme,wiktionary:fr::caeno-#prefix
root_lestes,-lestes,,"Used to form taxonomic names, usually of genera",grec,"masculine,morpheme",,Caenolestes; Rhyncholestes,1.0,grc,,"Borrowed from Ancient Greek λῃστής (lēistḗs, “thief”).",translingue < grec,"masculine,morpheme",wiktionary:fr::-lestes#suffix
root_phaga,-phaga,,"Used to form taxonomic names, often of genera, by combination with words indicating a type of food for an organism; eater.",grec,"feminine,morpheme",,Musciphaga,1.0,grc,,"Ancient Greek φάγος (phágos, “eater, glutton”)",translingue < grec,"feminine,morpheme",wiktionary:fr::-phaga#suffix
root_notho,notho-,,Used to form names of taxa,grec,morpheme,o,,1.0,grc,,"From Ancient Greek νόθος (nóthos, “bastard”).",translingue < grec,morpheme,wiktionary:fr::notho-#prefix
root_teuthis,-teuthis,,Used to form taxonomic names of genera of squid,grec,"feminine,masculine,morpheme",,,1.0,grc,,"From Ancient Greek τευθίς (teuthís, “small squid”).",translingue < grec,"feminine,masculine,morpheme",wiktionary:fr::-teuthis#suffix
root_henico,henico-,,"Used to form taxonomic names, principally of genera; single.",grec,morpheme,o,,1.0,grc,,"New Latin, from Ancient Greek ἑνικός (henikós, “single”)",translingue < NL. < grec,morpheme,wiktionary:fr::henico-#prefix
root_phorus,-phorus,"-phora, -phorum",Used to form nouns naming organisms that seem to bear something suggesting what is named by a preceding word element such as a prefix,grec,"masculine,morpheme",,,1.0,grc,,"From Ancient Greek -φόρος (-phóros), from φέρω (phérō, “to bear”).",translingue < grec,"masculine,morpheme",wiktionary:fr::-phorus#suffix
root_10,10-,,Identifying a steel grade with a maximum of 1% carbon.,translingue,"engineering,metallurgy,morpheme,natural-sciences,physical-sciences",,,1.0,mul,,From AISI and SAE standards nomenclature for iron and steel grades for carbon steels with a maximum of 1% carbon content.,,"engineering,metallurgy,morpheme,natural-sciences,physical-sciences",wiktionary:fr::10-#prefix
root_51,51-,,"Identifying a chromium steel grade with roughly 1% chromium, and a varying amount of carbon.",translingue,"engineering,metallurgy,morpheme,natural-sciences,physical-sciences",,,1.0,mul,,From AISI and SAE standards nomenclature for iron and steel grades for chromium steels with roughly 1% chromium.,,"engineering,metallurgy,morpheme,natural-sciences,physical-sciences",wiktionary:fr::51-#prefix
root_lagus,-lagus,,Used to form taxonomic names of genera of rabbits,grec,morpheme,,genera in Leporidae; Brachylagus; Caprolagus; Bunolagus; Nesolagus; Oryctolagus; Pentalagus; Poelagus,1.0,grc,,"New Latin, from Ancient Greek λαγώς (lagṓs, “hare”)",translingue < NL. < grec,morpheme,wiktionary:fr::-lagus#suffix
root_oolithus,-oolithus,,Used to form the name of an oogenus.,grec,"masculine,morpheme",,,1.0,grc,,"From Ancient Greek ᾠόν (ōión, “egg”) + λίθος (líthos, “stone”).",translingue < grec,"masculine,morpheme",wiktionary:fr::-oolithus#suffix
root_ides,-ides,,resembling,grec,morpheme,,,1.0,grc,,"A borrowing of Ancient Greek -ίδης (-ídēs, “-son, son of”).",translingue < grec,morpheme,wiktionary:fr::-ides#suffix
root_saura,-saura,"-saurus, -saurum",Used to form feminine genus names of dinosaurs or lizards.,grec,"feminine,morpheme",,,1.0,grc,,"From Ancient Greek σαύρα (saúra, “lizard”), conceived of as the feminine equivalent for -saurus.",translingue < grec,"feminine,morpheme",wiktionary:fr::-saura#suffix
root_ops,-ops,,Resembling.,grec,"feminine,masculine,morpheme,natural-sciences,science,taxonomy",,Acanthidops; Arremonops; Chrysops; Loxops; Strigops; Tursiops,1.0,grc,,"Borrowed from Ancient Greek ὄψ (óps, “eye, face”), influenced by ὄψῐς (ópsĭs, “appearance”).",translingue < grec,"feminine,masculine,morpheme,natural-sciences,science,taxonomy",wiktionary:fr::-ops#suffix
root_soma,-soma,-somata,body,grec,"morpheme,natural-sciences,neuter,science,taxonomy",,,1.0,grc,,"Borrowed from Ancient Greek σῶμα (sôma, “body”).",translingue < grec,"morpheme,natural-sciences,neuter,science,taxonomy",wiktionary:fr::-soma#suffix
root_caris,-caris,,"Used to form taxonomic names of shrimp-like copepods, principally carideans",grec,morpheme,,,1.0,grc,,"From Latin caris (“shrimp, marine crab”), from Ancient Greek καρίς (karís)",translingue < latin < grec,morpheme,wiktionary:fr::-caris#suffix
root_phyllum,-phyllum,,"Used to form taxonomic names of plants, especially relating to the nature of their leaves",grec,"morpheme,neuter",,,1.0,grc,,"Ancient Greek φύλλον (phúllon, “leaf, plant”)",translingue < grec,"morpheme,neuter",wiktionary:fr::-phyllum#suffix
root_odes,-odes,,"resembling, -oid, -like",grec,"feminine,masculine,morpheme,natural-sciences,neuter,science,taxonomy",,,1.0,grc,,"Borrowed from Latin -odēs (“-like, -oid”), Ancient Greek -ώδης (-ṓdēs, “-like”)",translingue < latin < grec,"feminine,masculine,morpheme,natural-sciences,neuter,science,taxonomy",wiktionary:fr::-odes#suffix
root_cephalus,-cephalus,"-cephala, -cephalum",head,grec,"masculine,morpheme",,,1.0,grc,,"From Ancient Greek κεφᾰλή f (kephălḗ, “head”), with the Latin suffix -us m.",translingue < grec,"masculine,morpheme",wiktionary:fr::-cephalus#suffix
root_odon,-odon,,"Used to form names of genera, according to the appearance of their teeth.",grec,"morpheme,natural-sciences,science,taxonomy",,,1.0,grc,,"From Ancient Greek ὀδών (odṓn), variant of ὀδούς (odoús), or reanalysis of English -odont.",translingue < grec,"morpheme,natural-sciences,science,taxonomy",wiktionary:fr::-odon#suffix
root_pro,-pro,,proto-; proto-language; used to create the language codes of proto-languages from the language codes of language families.,grec,"human-sciences,langage,morpheme,sciences",,,1.0,grc,,"PIE word *pró Abbreviation of New Latin proto-, from Ancient Greek πρῶτος (prôtos, “first, firstmost”), from Ancient Greek πρό (pró, “before”), from Proto-Hellenic *pró, from Proto-Indo-European *pró, Proto-Indo-European *per-.",translingue < NL. < grec < grec < grk-pro < ine-pro < ine-pro,"human-sciences,langage,morpheme,sciences",wiktionary:fr::-pro#suffix
root_therium,-therium,,Used to form names of mammalian genera.,grec,"morpheme,natural-sciences,science,taxonomy",,-theria; -theriidae,1.0,grc,,From Ancient Greek θηρίον (thēríon). Compare the subclass Theria.,translingue < grec,"morpheme,natural-sciences,science,taxonomy",wiktionary:fr::-therium#suffix
root_virae,-virae,,Used to form the taxonomic names of kingdoms of viruses,translingue,morpheme,,,1.0,mul,,"From Virus. The Latin source of this word would not have had a byform in -ae, perhaps it was created in analogy to the eukaryotic kingdom Plantae.",,morpheme,wiktionary:fr::-virae#suffix
root_stoma,-stoma,,forms names describing the mouth.,grec,"morpheme,natural-sciences,science,taxonomy",,,1.0,grc,,"From Ancient Greek στόμα (stóma, “mouth”). Related to English -stome, -stomy.",translingue < grec,"morpheme,natural-sciences,science,taxonomy",wiktionary:fr::-stoma#suffix
root_trachy,trachy-,,"Bumpy, spiky, rugged, rough, jagged, bumpy, etc.",grec,morpheme,,,1.0,grc,,"Borrowed from Ancient Greek τρᾱχῠ́ς (trākhŭ́s, “spiky, jagged, prickly, bumpy, etc.”).",translingue < grec,morpheme,wiktionary:fr::trachy-#prefix
root_dactylus,-dactylus,,fingered,grec,morpheme,,,1.0,grc,,"Borrowed from Ancient Greek δᾰ́κτῠλος (dắktŭlos, “finger”).",translingue < grec,morpheme,wiktionary:fr::-dactylus#prefix
root_pteris,-pteris,,"Used to form taxonomic names, usually of genera, for taxa of organisms, usually with feather- or wing-like features",grec,morpheme,,Anarytropteris; Cardiopteris; Caryopteris; Chaetopteris; Chloropteris; Dictyopteris; Gansuapteris; Glenopteris,1.0,grc,,"Borrowed from Ancient Greek πτέρῐς (ptérĭs, “fern”) (see also Pteris), further from Ancient Greek πτερόν (pterón, “feather; wing”).",translingue < grec < grec,morpheme,wiktionary:fr::-pteris#suffix
root_zoa,-zoa,,Forms names of eukaryotic taxa at the level of superclass and above.,grec,"morpheme,natural-sciences,science,taxonomy",,,1.0,grc,,"From Ancient Greek ζῷα (zōîa, “animals”).",translingue < grec,"morpheme,natural-sciences,science,taxonomy",wiktionary:fr::-zoa#suffix
root_anthus,-anthus,,Used to form the names of genera of plants,translingue,morpheme,,,1.0,mul,,"From Ancient Greek ἄνθος (ánthos, “flower”)",,morpheme,wiktionary:fr::-anthus#suffix
root_idris,idris,,ant,translingue,morpheme,,,1.0,mul,,"New Latin, from Ancient Greek ἴδρις (ídris, “experienced”), alluding to a verse by Hesiod (Works and Days, 778): ὅτε τ'ἴδρις σωρὸν αμᾶται, ""while the experienced one gathers a heap"", where many philologists, but not all, interpret ἴδρις as a metaphor for ""ant.""",,morpheme,wiktionary:fr::idris#suffix
root_septendec,septendec-,,Denotes the number seventeen in compound and scientific terms.,translingue,morpheme,,,1.0,mul,,"From Latin septendecim (“seventeen”), composed of septem (“seven”) + decem (“ten”). Used as a combining form in neoclassical compounds denoting quantities of seventeen.",,morpheme,wiktionary:fr::septendec-#prefix
